id;subject;content;date
1;Hacking the BILLY Bookcase: 26 of the best ever;Heres how we're gonna…;11-05-2022
2;This tool tells the hardest (& easiest) IKEA furniture to assemble;Heres how we're gonna…;12-05-2022
3;IKEA Furniture Hack with dowels: From drab to fab;Heres how we're gonna…;13-05-2022
4;How to IKEA hack a nightstand with lift top;Heres how we're gonna…;14-05-2022
5;Small space storage hacks that are actually useful;Heres how we're gonna…;15-05-2022
6;IKEA serves new Swedish Seedball just for insects;Heres how we're gonna…;16-05-2022
7;IKEA RAST: 17 remarkable ways to makeover the dresser;Heres how we're gonna…;17-05-2022
8;IKEA ORDNING Dish Drainer hacks surprisingly simple and effective;Heres how we're gonna…;18-05-2022
9;Behind the Couch Cabinet hack: A deep skinny BESTÃ… console;Heres how we're gonna…;19-05-2022
10;16 best IKEA Dresser Hacks for a Happy Bedroom;Heres how we're gonna…;20-05-2022
11;Surfboard display rack ideas: Wall mounted awesome and fun;Heres how we're gonna…;21-05-2022
12;The Much Easier Way To Build A Desk in a Closet;Heres how we're gonna…;22-05-2022
13;Build a snazzy mudroom with IKEA BESTÃ… cabinets;Heres how we're gonna…;23-05-2022
14;DIY Live Edge Dining Table even a Beginner can Make;Heres how we're gonna…;24-05-2022
